mean_fit_time;std_fit_time;mean_score_time;std_score_time;param_max_depth;param_max_features;param_min_samples_leaf;param_min_samples_split;param_n_estimators;params;split0_test_score;split1_test_score;split2_test_score;split3_test_score;split4_test_score;mean_test_score;std_test_score;rank_test_score
0.20612168312072754;0.024658570125605125;0.008714103698730468;0.0023993763351059794;20;;12;20;95;{'max_depth': 20, 'max_features': None, 'min_samples_leaf': 12, 'min_samples_split': 20, 'n_estimators': 95};0.7653631284916201;0.8314606741573034;0.8146067415730337;0.8033707865168539;0.8258426966292135;0.8081288054736049;0.02345917118900259;56
0.25254230499267577;0.014902093336628576;0.01368088722229004;0.005501278943546622;16;sqrt;7;4;158;{'max_depth': 16, 'max_features': 'sqrt', 'min_samples_leaf': 7, 'min_samples_split': 4, 'n_estimators': 158};0.8100558659217877;0.8426966292134831;0.8314606741573034;0.7640449438202247;0.8202247191011236;0.8136965664427844;0.02712092280902236;34
0.23713302612304688;0.020603254038367214;0.010118484497070312;0.001021940661745778;12;log2;16;19;147;{'max_depth': 12, 'max_features': 'log2', 'min_samples_leaf': 16, 'min_samples_split': 19, 'n_estimators': 147};0.7988826815642458;0.8314606741573034;0.8089887640449438;0.7191011235955056;0.8202247191011236;0.7957315924926245;0.03983564045163196;131
0.18480658531188965;0.019318820688165955;0.008812808990478515;0.0019426271829852764;3;;10;19;108;{'max_depth': 3, 'max_features': None, 'min_samples_leaf': 10, 'min_samples_split': 19, 'n_estimators': 108};0.7430167597765364;0.8314606741573034;0.8314606741573034;0.8033707865168539;0.8089887640449438;0.8036595317305881;0.032409371859358736;69
0.3045671463012695;0.028017088418170136;0.012520360946655273;0.0012091997505121184;16;log2;13;8;181;{'max_depth': 16, 'max_features': 'log2', 'min_samples_leaf': 13, 'min_samples_split': 8, 'n_estimators': 181};0.7877094972067039;0.8314606741573034;0.8146067415730337;0.7359550561797753;0.8089887640449438;0.7957441466323519;0.03300357145910799;129
0.24217514991760253;0.022052161999697128;0.010385894775390625;0.0011855425887235594;16;sqrt;4;16;144;{'max_depth': 16, 'max_features': 'sqrt', 'min_samples_leaf': 4, 'min_samples_split': 16, 'n_estimators': 144};0.8044692737430168;0.848314606741573;0.8258426966292135;0.7865168539325843;0.8370786516853933;0.8204444165463561;0.02231085565606935;15
0.17509355545043945;0.00577531639185431;0.008693885803222657;0.0006293052393142085;17;log2;10;12;112;{'max_depth': 17, 'max_features': 'log2', 'min_samples_leaf': 10, 'min_samples_split': 12, 'n_estimators': 112};0.7988826815642458;0.8202247191011236;0.8202247191011236;0.7415730337078652;0.8258426966292135;0.8013495700207143;0.03127866873411766;84
0.13473939895629883;0.009062109804653863;0.005882644653320312;0.0004679168459831505;14;;4;5;60;{'max_depth': 14, 'max_features': None, 'min_samples_leaf': 4, 'min_samples_split': 5, 'n_estimators': 60};0.7877094972067039;0.8595505617977528;0.8258426966292135;0.7921348314606742;0.848314606741573;0.8227104387671835;0.02892235396424176;7
0.02274003028869629;0.0009406130514179506;0.003877878189086914;0.0013097289965523459;13;sqrt;5;17;12;{'max_depth': 13, 'max_features': 'sqrt', 'min_samples_leaf': 5, 'min_samples_split': 17, 'n_estimators': 12};0.7932960893854749;0.8314606741573034;0.8314606741573034;0.7584269662921348;0.8370786516853933;0.810344611135522;0.030307025915281654;50
0.05350537300109863;0.00926251940600932;0.0038015365600585936;0.000668878934730594;2;log2;4;9;30;{'max_depth': 2, 'max_features': 'log2', 'min_samples_leaf': 4, 'min_samples_split': 9, 'n_estimators': 30};0.7988826815642458;0.8314606741573034;0.8146067415730337;0.7191011235955056;0.7921348314606742;0.7912372104701525;0.03854072131198358;169
0.00603938102722168;0.0011991391788967807;0.0017703056335449218;0.00041519266942946075;2;;20;9;2;{'max_depth': 2, 'max_features': None, 'min_samples_leaf': 20, 'min_samples_split': 9, 'n_estimators': 2};0.6983240223463687;0.8202247191011236;0.8033707865168539;0.7191011235955056;0.7921348314606742;0.7666310966041052;0.04857463619363948;200
0.12740478515625;0.0027230554463294307;0.005531024932861328;0.0004529793736519062;17;;10;14;64;{'max_depth': 17, 'max_features': None, 'min_samples_leaf': 10, 'min_samples_split': 14, 'n_estimators': 64};0.7988826815642458;0.8426966292134831;0.8033707865168539;0.797752808988764;0.8426966292134831;0.817079907099366;0.02100023156749713;29
0.019210004806518556;0.0051125408777597785;0.0024248600006103516;0.00042500024313778126;16;sqrt;8;12;8;{'max_depth': 16, 'max_features': 'sqrt', 'min_samples_leaf': 8, 'min_samples_split': 12, 'n_estimators': 8};0.7932960893854749;0.848314606741573;0.8258426966292135;0.7191011235955056;0.8426966292134831;0.80585022911305;0.04742065595817372;63
0.3507673263549805;0.026840989515173858;0.012024927139282226;0.001349264462505754;18;;6;12;163;{'max_depth': 18, 'max_features': None, 'min_samples_leaf': 6, 'min_samples_split': 12, 'n_estimators': 163};0.7821229050279329;0.8426966292134831;0.8202247191011236;0.8202247191011236;0.8370786516853933;0.8204695248258114;0.02116832716161986;12
0.22649188041687013;0.012379179654731228;0.010407638549804688;0.0010325299456198824;17;log2;13;7;144;{'max_depth': 17, 'max_features': 'log2', 'min_samples_leaf': 13, 'min_samples_split': 7, 'n_estimators': 144};0.8044692737430168;0.8314606741573034;0.8202247191011236;0.7359550561797753;0.8033707865168539;0.7990961019396147;0.03325002123638868;100
0.09367570877075196;0.002574625261458643;0.005105829238891602;0.0004889875571121683;4;sqrt;18;8;63;{'max_depth': 4, 'max_features': 'sqrt', 'min_samples_leaf': 18, 'min_samples_split': 8, 'n_estimators': 63};0.776536312849162;0.8258426966292135;0.8146067415730337;0.7191011235955056;0.8033707865168539;0.7878915322327538;0.03809110638997773;184
0.0066166877746582035;0.00038545062002592233;0.0017070770263671875;0.0006064582682314002;3;log2;11;12;3;{'max_depth': 3, 'max_features': 'log2', 'min_samples_leaf': 11, 'min_samples_split': 12, 'n_estimators': 3};0.7206703910614525;0.8258426966292135;0.8370786516853933;0.7415730337078652;0.8146067415730337;0.7879543029313916;0.04740766063487927;182
0.15941691398620605;0.018029344656477594;0.007511663436889649;0.0005131922205566024;9;log2;20;10;96;{'max_depth': 9, 'max_features': 'log2', 'min_samples_leaf': 20, 'min_samples_split': 10, 'n_estimators': 96};0.7877094972067039;0.8426966292134831;0.8146067415730337;0.7078651685393258;0.797752808988764;0.790126169104262;0.045152696170719965;174
0.12639446258544923;0.0023975646930493553;0.006776046752929687;0.0003214490957411032;13;log2;8;18;82;{'max_depth': 13, 'max_features': 'log2', 'min_samples_leaf': 8, 'min_samples_split': 18, 'n_estimators': 82};0.770949720670391;0.8258426966292135;0.8202247191011236;0.7415730337078652;0.8202247191011236;0.7957629778419434;0.033626747775839155;127
0.061265420913696286;0.004459151421885978;0.004317951202392578;0.0005764838462702193;20;sqrt;20;14;39;{'max_depth': 20, 'max_features': 'sqrt', 'min_samples_leaf': 20, 'min_samples_split': 14, 'n_estimators': 39};0.8044692737430168;0.8426966292134831;0.8202247191011236;0.7078651685393258;0.8033707865168539;0.7957253154227607;0.046175405890057176;133
0.35317153930664064;0.020869971692708458;0.014826011657714844;0.0011229314053106962;15;log2;3;5;196;{'max_depth': 15, 'max_features': 'log2', 'min_samples_leaf': 3, 'min_samples_split': 5, 'n_estimators': 196};0.7877094972067039;0.8539325842696629;0.8202247191011236;0.7921348314606742;0.8370786516853933;0.8182160567447117;0.025480906726259255;21
0.2754552364349365;0.02788140489977167;0.011685657501220702;0.0005188107138562477;8;log2;10;15;161;{'max_depth': 8, 'max_features': 'log2', 'min_samples_leaf': 10, 'min_samples_split': 15, 'n_estimators': 161};0.7988826815642458;0.8314606741573034;0.8146067415730337;0.7415730337078652;0.8202247191011236;0.8013495700207145;0.031679716775621085;83
0.289859676361084;0.007670695039205491;0.012677621841430665;0.00025943698856350616;7;log2;10;4;190;{'max_depth': 7, 'max_features': 'log2', 'min_samples_leaf': 10, 'min_samples_split': 4, 'n_estimators': 190};0.8100558659217877;0.8314606741573034;0.8146067415730337;0.7359550561797753;0.8202247191011236;0.8024606113866046;0.03401403359475623;78
0.014539146423339843;0.0011449636526766698;0.003555583953857422;0.002054993879846415;12;sqrt;11;6;8;{'max_depth': 12, 'max_features': 'sqrt', 'min_samples_leaf': 11, 'min_samples_split': 6, 'n_estimators': 8};0.7932960893854749;0.8314606741573034;0.8089887640449438;0.7471910112359551;0.8202247191011236;0.8002322515849603;0.02937030189842122;90
0.12002029418945312;0.0016893741100141898;0.005233669281005859;0.00029186331887576207;12;;11;15;62;{'max_depth': 12, 'max_features': None, 'min_samples_leaf': 11, 'min_samples_split': 15, 'n_estimators': 62};0.7877094972067039;0.8258426966292135;0.8089887640449438;0.797752808988764;0.8314606741573034;0.8103508882053857;0.016485258625258434;48
0.02531461715698242;0.0011680779951743984;0.0029070377349853516;0.0006574145443864468;8;log2;5;19;14;{'max_depth': 8, 'max_features': 'log2', 'min_samples_leaf': 5, 'min_samples_split': 19, 'n_estimators': 14};0.8044692737430168;0.8314606741573034;0.8089887640449438;0.7359550561797753;0.8258426966292135;0.8013432929508506;0.034208548415634324;86
0.15566539764404297;0.009191603484750907;0.0067042350769042965;0.0006854473130327718;14;;15;9;79;{'max_depth': 14, 'max_features': None, 'min_samples_leaf': 15, 'min_samples_split': 9, 'n_estimators': 79};0.7430167597765364;0.8258426966292135;0.8146067415730337;0.7752808988764045;0.8314606741573034;0.7980415542024982;0.03379325957612765;102
0.12931299209594727;0.007368593941646619;0.006485843658447265;0.00011670540496832618;18;log2;20;10;83;{'max_depth': 18, 'max_features': 'log2', 'min_samples_leaf': 20, 'min_samples_split': 10, 'n_estimators': 83};0.7988826815642458;0.8370786516853933;0.8202247191011236;0.7191011235955056;0.797752808988764;0.7946079969870065;0.040470788632056415;143
0.3030496597290039;0.015378035053386805;0.013098859786987304;0.0013348680159797738;12;log2;8;4;184;{'max_depth': 12, 'max_features': 'log2', 'min_samples_leaf': 8, 'min_samples_split': 4, 'n_estimators': 184};0.7988826815642458;0.8314606741573034;0.8146067415730337;0.7415730337078652;0.8146067415730337;0.8002259745150964;0.031084373197401188;93
0.37920346260070803;0.042301840272795134;0.013034391403198241;0.001569411744682181;14;;5;14;173;{'max_depth': 14, 'max_features': None, 'min_samples_leaf': 5, 'min_samples_split': 14, 'n_estimators': 173};0.8044692737430168;0.848314606741573;0.8146067415730337;0.8033707865168539;0.8426966292134831;0.8226916075575922;0.01911780119135707;8
0.08066959381103515;0.0044271207616141455;0.00479421615600586;0.0005435224661215279;12;sqrt;17;15;50;{'max_depth': 12, 'max_features': 'sqrt', 'min_samples_leaf': 17, 'min_samples_split': 15, 'n_estimators': 50};0.7932960893854749;0.8370786516853933;0.8146067415730337;0.7191011235955056;0.8033707865168539;0.7934906785512523;0.03994310905363247;152
0.1855929374694824;0.005411592680982774;0.009467267990112304;0.0011546627155335472;15;log2;3;9;108;{'max_depth': 15, 'max_features': 'log2', 'min_samples_leaf': 3, 'min_samples_split': 9, 'n_estimators': 108};0.7988826815642458;0.8539325842696629;0.8314606741573034;0.7808988764044944;0.8426966292134831;0.8215742891218379;0.02742389971599354;11
0.2896248817443848;0.003324021601520978;0.012833499908447265;0.0010677275166834702;14;sqrt;15;6;190;{'max_depth': 14, 'max_features': 'sqrt', 'min_samples_leaf': 15, 'min_samples_split': 6, 'n_estimators': 190};0.7988826815642458;0.8370786516853933;0.8146067415730337;0.7191011235955056;0.8146067415730337;0.7968551879982424;0.040738108942203116;123
0.23096132278442383;0.0183773334600187;0.008083629608154296;0.0007701942860150405;19;;20;12;116;{'max_depth': 19, 'max_features': None, 'min_samples_leaf': 20, 'min_samples_split': 12, 'n_estimators': 116};0.7486033519553073;0.8146067415730337;0.8258426966292135;0.7808988764044944;0.8146067415730337;0.7969116816270165;0.02847222706009703;115
0.030270767211914063;0.009917325428771846;0.002737569808959961;0.0003461486822262351;5;sqrt;9;20;15;{'max_depth': 5, 'max_features': 'sqrt', 'min_samples_leaf': 9, 'min_samples_split': 20, 'n_estimators': 15};0.770949720670391;0.8370786516853933;0.8146067415730337;0.7528089887640449;0.8258426966292135;0.8002573598644153;0.032639262796083375;88
0.04848213195800781;0.004145205006488693;0.0036893367767333986;0.00038044130456392754;8;sqrt;18;19;29;{'max_depth': 8, 'max_features': 'sqrt', 'min_samples_leaf': 18, 'min_samples_split': 19, 'n_estimators': 29};0.7877094972067039;0.8370786516853933;0.8202247191011236;0.7191011235955056;0.7921348314606742;0.7912497646098802;0.040394499910723546;163
0.1630415916442871;0.0061565444330423085;0.007771778106689453;0.0005730004021805854;12;sqrt;2;14;98;{'max_depth': 12, 'max_features': 'sqrt', 'min_samples_leaf': 2, 'min_samples_split': 14, 'n_estimators': 98};0.7932960893854749;0.8426966292134831;0.8258426966292135;0.7865168539325843;0.8370786516853933;0.8170861841692298;0.02294655845284234;26
0.18873095512390137;0.020454055898242514;0.008895444869995116;0.0006857427716070202;8;sqrt;13;17;112;{'max_depth': 8, 'max_features': 'sqrt', 'min_samples_leaf': 13, 'min_samples_split': 17, 'n_estimators': 112};0.7877094972067039;0.848314606741573;0.8089887640449438;0.7303370786516854;0.8202247191011236;0.799114933149206;0.03955806041607574;96
0.1754457473754883;0.0027418716606971262;0.008089828491210937;0.0005027083731987907;2;sqrt;10;2;120;{'max_depth': 2, 'max_features': 'sqrt', 'min_samples_leaf': 10, 'min_samples_split': 2, 'n_estimators': 120};0.7877094972067039;0.8202247191011236;0.8146067415730337;0.7191011235955056;0.797752808988764;0.7878789780930261;0.03630023369516154;185
0.2876622676849365;0.02479454508613779;0.010459566116333007;0.0014331239575574568;18;;7;18;133;{'max_depth': 18, 'max_features': None, 'min_samples_leaf': 7, 'min_samples_split': 18, 'n_estimators': 133};0.7932960893854749;0.848314606741573;0.8146067415730337;0.7921348314606742;0.8370786516853933;0.8170861841692298;0.022669800974584247;26
0.32210826873779297;0.011052685364002831;0.011017704010009765;0.0004473626549688172;6;;16;6;173;{'max_depth': 6, 'max_features': None, 'min_samples_leaf': 16, 'min_samples_split': 6, 'n_estimators': 173};0.7430167597765364;0.8202247191011236;0.8033707865168539;0.7752808988764045;0.8202247191011236;0.7924235766744083;0.029666659407023142;155
0.03745388984680176;0.0005932064872939681;0.003069496154785156;0.0005196694780236052;3;log2;12;3;24;{'max_depth': 3, 'max_features': 'log2', 'min_samples_leaf': 12, 'min_samples_split': 3, 'n_estimators': 24};0.7821229050279329;0.8258426966292135;0.8202247191011236;0.7191011235955056;0.8089887640449438;0.7912560416797438;0.039088660257068614;162
0.00851297378540039;0.0002967579111694631;0.00199737548828125;0.00023339016709989898;2;sqrt;2;20;4;{'max_depth': 2, 'max_features': 'sqrt', 'min_samples_leaf': 2, 'min_samples_split': 20, 'n_estimators': 4};0.7318435754189944;0.8202247191011236;0.7921348314606742;0.702247191011236;0.797752808988764;0.7688406251961585;0.044322289409147266;199
0.29317712783813477;0.017643980051737288;0.010618162155151368;0.0008026137636401692;14;;3;9;130;{'max_depth': 14, 'max_features': None, 'min_samples_leaf': 3, 'min_samples_split': 9, 'n_estimators': 130};0.7988826815642458;0.8651685393258427;0.8202247191011236;0.7865168539325843;0.8595505617977528;0.8260686711443099;0.031582947117780244;3
0.09046072959899902;0.004907716990531551;0.00520167350769043;0.0015895682013212901;17;sqrt;13;17;55;{'max_depth': 17, 'max_features': 'sqrt', 'min_samples_leaf': 13, 'min_samples_split': 17, 'n_estimators': 55};0.8100558659217877;0.8258426966292135;0.8202247191011236;0.7303370786516854;0.8202247191011236;0.8013370158809867;0.03586371003506652;87
0.03785605430603027;0.001774476326071614;0.0031078815460205077;0.0008662513729948541;12;;14;2;18;{'max_depth': 12, 'max_features': None, 'min_samples_leaf': 14, 'min_samples_split': 2, 'n_estimators': 18};0.776536312849162;0.8089887640449438;0.8033707865168539;0.7808988764044944;0.8314606741573034;0.8002510827945516;0.019985076550788978;89
0.2234498977661133;0.018937474202907482;0.009515047073364258;3.963776100277024e-06;9;log2;9;20;136;{'max_depth': 9, 'max_features': 'log2', 'min_samples_leaf': 9, 'min_samples_split': 20, 'n_estimators': 136};0.7877094972067039;0.8370786516853933;0.8146067415730337;0.7359550561797753;0.8202247191011236;0.799114933149206;0.035344354978138585;96
0.02874159812927246;0.0012134090727061828;0.0030068397521972657;0.0003190469142826133;10;sqrt;18;16;18;{'max_depth': 10, 'max_features': 'sqrt', 'min_samples_leaf': 18, 'min_samples_split': 16, 'n_estimators': 18};0.7821229050279329;0.8258426966292135;0.8089887640449438;0.7191011235955056;0.797752808988764;0.786761659657272;0.03671959468340216;192
0.31624884605407716;0.02335174892465402;0.013133382797241211;0.0007353510126212207;6;sqrt;12;18;197;{'max_depth': 6, 'max_features': 'sqrt', 'min_samples_leaf': 12, 'min_samples_split': 18, 'n_estimators': 197};0.7988826815642458;0.8370786516853933;0.8146067415730337;0.7359550561797753;0.8202247191011236;0.8013495700207143;0.034903063206904984;84
0.13593101501464844;0.005820085236322313;0.009819555282592773;0.007146599957940323;12;;2;3;59;{'max_depth': 12, 'max_features': None, 'min_samples_leaf': 2, 'min_samples_split': 3, 'n_estimators': 59};0.8100558659217877;0.8707865168539326;0.8258426966292135;0.8089887640449438;0.8426966292134831;0.8316740945326722;0.02309655853041615;1
0.04213814735412598;0.0009269707413855257;0.003102397918701172;0.0002061878608989731;9;log2;15;14;27;{'max_depth': 9, 'max_features': 'log2', 'min_samples_leaf': 15, 'min_samples_split': 14, 'n_estimators': 27};0.7877094972067039;0.8370786516853933;0.8202247191011236;0.7247191011235955;0.8089887640449438;0.7957441466323519;0.03896760784985038;129
0.08601317405700684;0.0015945447874405891;0.005310583114624024;0.0006801383550554241;20;sqrt;7;12;55;{'max_depth': 20, 'max_features': 'sqrt', 'min_samples_leaf': 7, 'min_samples_split': 12, 'n_estimators': 55};0.776536312849162;0.8314606741573034;0.8202247191011236;0.7640449438202247;0.8314606741573034;0.8047454648170234;0.028702964298269094;67
0.15965089797973633;0.0030950308212471574;0.007570648193359375;0.00041877919303751906;7;log2;18;4;105;{'max_depth': 7, 'max_features': 'log2', 'min_samples_leaf': 18, 'min_samples_split': 4, 'n_estimators': 105};0.7932960893854749;0.8370786516853933;0.8089887640449438;0.7134831460674157;0.8033707865168539;0.7912434875400163;0.04150593300051216;168
0.081699800491333;0.010484602022171273;0.004201364517211914;0.00040342963817329125;12;;2;6;32;{'max_depth': 12, 'max_features': None, 'min_samples_leaf': 2, 'min_samples_split': 6, 'n_estimators': 32};0.8044692737430168;0.8707865168539326;0.8202247191011236;0.7865168539325843;0.8595505617977528;0.8283095850856821;0.03212676839804262;2
0.09524950981140137;0.012583400543416797;0.005710887908935547;0.0005126187831167302;12;sqrt;3;7;50;{'max_depth': 12, 'max_features': 'sqrt', 'min_samples_leaf': 3, 'min_samples_split': 7, 'n_estimators': 50};0.8044692737430168;0.8539325842696629;0.8146067415730337;0.7921348314606742;0.8370786516853933;0.8204444165463561;0.02231085565606935;15
0.14525942802429198;0.0053339115251323545;0.006311464309692383;0.0005061094743076646;14;;19;20;78;{'max_depth': 14, 'max_features': None, 'min_samples_leaf': 19, 'min_samples_split': 20, 'n_estimators': 78};0.7374301675977654;0.8146067415730337;0.8202247191011236;0.7752808988764045;0.7921348314606742;0.7879354717218001;0.02994164562136695;183
0.13666443824768065;0.004083087647254906;0.006709384918212891;0.0011274311127435156;15;;7;14;65;{'max_depth': 15, 'max_features': None, 'min_samples_leaf': 7, 'min_samples_split': 14, 'n_estimators': 65};0.776536312849162;0.8370786516853933;0.8146067415730337;0.8089887640449438;0.8426966292134831;0.8159814198732033;0.023518074089226668;30
0.26160502433776855;0.024001680927053116;0.011102533340454102;0.0008113610976013666;12;log2;14;3;158;{'max_depth': 12, 'max_features': 'log2', 'min_samples_leaf': 14, 'min_samples_split': 3, 'n_estimators': 158};0.7988826815642458;0.8370786516853933;0.8146067415730337;0.7303370786516854;0.8146067415730337;0.7991023790094782;0.03647377853643551;99
0.07806553840637206;0.0038569944980463553;0.00471200942993164;0.0003975026951425235;14;sqrt;12;8;48;{'max_depth': 14, 'max_features': 'sqrt', 'min_samples_leaf': 12, 'min_samples_split': 8, 'n_estimators': 48};0.7932960893854749;0.8202247191011236;0.8314606741573034;0.7415730337078652;0.8146067415730337;0.8002322515849603;0.03184510412659685;90
0.2340442180633545;0.01847542949236342;0.010516119003295899;0.0011005475305974944;10;sqrt;9;17;145;{'max_depth': 10, 'max_features': 'sqrt', 'min_samples_leaf': 9, 'min_samples_split': 17, 'n_estimators': 145};0.7932960893854749;0.8314606741573034;0.8202247191011236;0.7359550561797753;0.8146067415730337;0.7991086560793421;0.033926081285853144;98
0.13522915840148925;0.009339315596179131;0.007315492630004883;0.0011656660616944333;2;sqrt;19;19;90;{'max_depth': 2, 'max_features': 'sqrt', 'min_samples_leaf': 19, 'min_samples_split': 19, 'n_estimators': 90};0.7877094972067039;0.8202247191011236;0.8033707865168539;0.7191011235955056;0.797752808988764;0.7856317870817902;0.03489672844840663;195
0.05237703323364258;0.006334878616753751;0.0035028457641601562;0.0004472902077184645;8;;2;7;22;{'max_depth': 8, 'max_features': None, 'min_samples_leaf': 2, 'min_samples_split': 7, 'n_estimators': 22};0.7988826815642458;0.8707865168539326;0.8258426966292135;0.797752808988764;0.8370786516853933;0.8260686711443098;0.027062233980088782;4
0.19106559753417968;0.011712452874448949;0.008299589157104492;0.0003918493014371698;2;sqrt;5;3;127;{'max_depth': 2, 'max_features': 'sqrt', 'min_samples_leaf': 5, 'min_samples_split': 3, 'n_estimators': 127};0.7821229050279329;0.8202247191011236;0.8146067415730337;0.7191011235955056;0.797752808988764;0.786761659657272;0.03637415698691088;192
0.07662277221679688;0.017822382043386212;0.003691291809082031;0.0005991912392767085;12;;18;2;36;{'max_depth': 12, 'max_features': None, 'min_samples_leaf': 18, 'min_samples_split': 2, 'n_estimators': 36};0.7597765363128491;0.8146067415730337;0.8370786516853933;0.7696629213483146;0.8033707865168539;0.7968991274872889;0.02859976864360958;116
0.22030129432678222;0.010198061355371092;0.007708263397216797;0.0005091592375882337;4;;8;18;118;{'max_depth': 4, 'max_features': None, 'min_samples_leaf': 8, 'min_samples_split': 18, 'n_estimators': 118};0.776536312849162;0.8314606741573034;0.8258426966292135;0.8033707865168539;0.8258426966292135;0.8126106333563493;0.020455954657675614;36
0.08692460060119629;0.0011227539459704007;0.005206632614135742;0.00025264029656316454;9;sqrt;14;20;57;{'max_depth': 9, 'max_features': 'sqrt', 'min_samples_leaf': 14, 'min_samples_split': 20, 'n_estimators': 57};0.7877094972067039;0.8258426966292135;0.8202247191011236;0.7415730337078652;0.8089887640449438;0.7968677421379701;0.030572516295809288;119
0.27593469619750977;0.025543628876207407;0.011630058288574219;0.0009038097711382005;13;log2;18;5;161;{'max_depth': 13, 'max_features': 'log2', 'min_samples_leaf': 18, 'min_samples_split': 5, 'n_estimators': 161};0.8100558659217877;0.8314606741573034;0.8146067415730337;0.7134831460674157;0.8089887640449438;0.7957190383528967;0.04190126987951163;136
0.31479692459106445;0.011261867165319857;0.014924430847167968;0.002640024343349296;12;log2;16;8;198;{'max_depth': 12, 'max_features': 'log2', 'min_samples_leaf': 16, 'min_samples_split': 8, 'n_estimators': 198};0.7877094972067039;0.8370786516853933;0.8146067415730337;0.7247191011235955;0.8146067415730337;0.795744146632352;0.038805280477497796;128
0.021935224533081055;0.000491656964247923;0.0029029369354248045;0.000492463081197009;9;sqrt;11;19;13;{'max_depth': 9, 'max_features': 'sqrt', 'min_samples_leaf': 11, 'min_samples_split': 19, 'n_estimators': 13};0.7821229050279329;0.8426966292134831;0.8146067415730337;0.7303370786516854;0.8202247191011236;0.7979976147134518;0.03898169752470318;106
0.2951052188873291;0.009812988242652455;0.013120508193969727;0.0007979226449719246;6;sqrt;10;14;189;{'max_depth': 6, 'max_features': 'sqrt', 'min_samples_leaf': 10, 'min_samples_split': 14, 'n_estimators': 189};0.8044692737430168;0.8314606741573034;0.8202247191011236;0.7415730337078652;0.8202247191011236;0.8035904839620865;0.03217787894300368;71
0.04266786575317383;0.002153074405773241;0.0032070159912109377;0.0005074192531336275;16;;11;8;21;{'max_depth': 16, 'max_features': None, 'min_samples_leaf': 11, 'min_samples_split': 8, 'n_estimators': 21};0.7597765363128491;0.8146067415730337;0.8033707865168539;0.8033707865168539;0.8258426966292135;0.8013935095097608;0.02241492341792823;79
0.05468516349792481;0.0015005724699713014;0.0037261009216308593;0.0006740320277429626;10;;14;8;27;{'max_depth': 10, 'max_features': None, 'min_samples_leaf': 14, 'min_samples_split': 8, 'n_estimators': 27};0.7653631284916201;0.8202247191011236;0.797752808988764;0.7696629213483146;0.8258426966292135;0.7957692549118072;0.02494990696668074;126
0.13033180236816405;0.014200662435678291;0.0063703060150146484;0.00021465803301166028;15;sqrt;19;6;80;{'max_depth': 15, 'max_features': 'sqrt', 'min_samples_leaf': 19, 'min_samples_split': 6, 'n_estimators': 80};0.7988826815642458;0.8258426966292135;0.8146067415730337;0.7191011235955056;0.797752808988764;0.7912372104701525;0.03754516197372559;169
0.1663144588470459;0.005120630150440648;0.00901327133178711;0.0017914012504968283;13;log2;7;11;106;{'max_depth': 13, 'max_features': 'log2', 'min_samples_leaf': 7, 'min_samples_split': 11, 'n_estimators': 106};0.8044692737430168;0.8314606741573034;0.8146067415730337;0.7415730337078652;0.8314606741573034;0.8047140794677045;0.03321288005578118;68
0.3253917217254639;0.02839059490172225;0.01141343116760254;0.0013598535060397466;18;;11;10;157;{'max_depth': 18, 'max_features': None, 'min_samples_leaf': 11, 'min_samples_split': 10, 'n_estimators': 157};0.770949720670391;0.8314606741573034;0.8146067415730337;0.8033707865168539;0.8370786516853933;0.8114933149205952;0.02354891428567684;40
0.1944504737854004;0.017968108721210015;0.00801072120666504;0.00031596967998806936;16;log2;17;16;107;{'max_depth': 16, 'max_features': 'log2', 'min_samples_leaf': 17, 'min_samples_split': 16, 'n_estimators': 107};0.7988826815642458;0.8258426966292135;0.8146067415730337;0.7191011235955056;0.8146067415730337;0.7946079969870065;0.038717094130030535;143
0.25220279693603515;0.015353679395898562;0.014544296264648437;0.004821974040724452;13;log2;2;18;145;{'max_depth': 13, 'max_features': 'log2', 'min_samples_leaf': 2, 'min_samples_split': 18, 'n_estimators': 145};0.776536312849162;0.8314606741573034;0.8146067415730337;0.7752808988764045;0.8314606741573034;0.8058690603226413;0.025227977191849323;62
0.3295557975769043;0.01813200864851864;0.011156463623046875;0.0006146081303371349;7;;8;12;161;{'max_depth': 7, 'max_features': None, 'min_samples_leaf': 8, 'min_samples_split': 12, 'n_estimators': 161};0.7932960893854749;0.8314606741573034;0.8146067415730337;0.8089887640449438;0.848314606741573;0.8193333751804657;0.018943470957806168;19
0.006115150451660156;0.0008004676523767253;0.0024002552032470702;0.0004902920864199256;17;log2;18;17;2;{'max_depth': 17, 'max_features': 'log2', 'min_samples_leaf': 18, 'min_samples_split': 17, 'n_estimators': 2};0.7653631284916201;0.7921348314606742;0.8258426966292135;0.7865168539325843;0.8033707865168539;0.7946456594061893;0.01989588563876663;141
0.00831761360168457;0.00039870919689286087;0.001999950408935547;0.000631957371457472;19;log2;10;4;4;{'max_depth': 19, 'max_features': 'log2', 'min_samples_leaf': 10, 'min_samples_split': 4, 'n_estimators': 4};0.7877094972067039;0.848314606741573;0.8146067415730337;0.7865168539325843;0.8258426966292135;0.8125980792166217;0.023472523426720505;39
0.30594935417175295;0.013884720687701777;0.013616800308227539;0.0022122366693438558;16;sqrt;3;10;185;{'max_depth': 16, 'max_features': 'sqrt', 'min_samples_leaf': 3, 'min_samples_split': 10, 'n_estimators': 185};0.7932960893854749;0.848314606741573;0.8314606741573034;0.7865168539325843;0.8370786516853933;0.8193333751804659;0.024725461855711197;18
0.12000312805175781;0.006383520764402091;0.0058117866516113285;0.00039987930839306896;20;;17;3;61;{'max_depth': 20, 'max_features': None, 'min_samples_leaf': 17, 'min_samples_split': 3, 'n_estimators': 61};0.7430167597765364;0.8146067415730337;0.8033707865168539;0.7696629213483146;0.8258426966292135;0.7912999811687904;0.030599151750856302;159
0.27640271186828613;0.007036024222978676;0.012840461730957032;0.001427264473543613;11;sqrt;3;13;171;{'max_depth': 11, 'max_features': 'sqrt', 'min_samples_leaf': 3, 'min_samples_split': 13, 'n_estimators': 171};0.7932960893854749;0.8539325842696629;0.8314606741573034;0.7921348314606742;0.8370786516853933;0.8215805661917018;0.02470434448897792;9
0.12407441139221191;0.009164399363840031;0.006303834915161133;0.0005030085637943237;20;log2;20;15;75;{'max_depth': 20, 'max_features': 'log2', 'min_samples_leaf': 20, 'min_samples_split': 15, 'n_estimators': 75};0.8212290502793296;0.8258426966292135;0.8202247191011236;0.7191011235955056;0.8033707865168539;0.7979536752244052;0.04015621991016341;113
0.07162914276123047;0.007881233174585198;0.004777097702026367;0.0007579314644951959;20;log2;9;5;39;{'max_depth': 20, 'max_features': 'log2', 'min_samples_leaf': 9, 'min_samples_split': 5, 'n_estimators': 39};0.7988826815642458;0.8314606741573034;0.8202247191011236;0.7415730337078652;0.8202247191011236;0.8024731655263324;0.03222492388154444;75
0.1956326484680176;0.005587497201697045;0.009372282028198241;0.0007046293597262443;5;log2;17;11;128;{'max_depth': 5, 'max_features': 'log2', 'min_samples_leaf': 17, 'min_samples_split': 11, 'n_estimators': 128};0.8156424581005587;0.8314606741573034;0.8146067415730337;0.7134831460674157;0.8146067415730337;0.797959952294269;0.042721262513662615;112
0.0764089584350586;0.004659437744254543;0.004297876358032226;0.00038833082421172783;16;log2;13;20;47;{'max_depth': 16, 'max_features': 'log2', 'min_samples_leaf': 13, 'min_samples_split': 20, 'n_estimators': 47};0.7597765363128491;0.8258426966292135;0.8258426966292135;0.7303370786516854;0.8258426966292135;0.793528340970435;0.04065703554369637;150
0.055769920349121094;0.006412342732939395;0.004094934463500977;0.000820167960083088;10;log2;7;9;31;{'max_depth': 10, 'max_features': 'log2', 'min_samples_leaf': 7, 'min_samples_split': 9, 'n_estimators': 31};0.8100558659217877;0.8314606741573034;0.8314606741573034;0.7640449438202247;0.8202247191011236;0.8114493754315486;0.025008129938275753;45
0.27495713233947755;0.016357623615184017;0.011760139465332031;0.0005483835382246096;12;sqrt;12;2;171;{'max_depth': 12, 'max_features': 'sqrt', 'min_samples_leaf': 12, 'min_samples_split': 2, 'n_estimators': 171};0.8156424581005587;0.8314606741573034;0.8089887640449438;0.7415730337078652;0.8202247191011236;0.803577929822359;0.03185592609442836;74
0.20530009269714355;0.018080907389681163;0.009423494338989258;0.0008578938709072615;18;sqrt;15;16;122;{'max_depth': 18, 'max_features': 'sqrt', 'min_samples_leaf': 15, 'min_samples_split': 16, 'n_estimators': 122};0.7877094972067039;0.8314606741573034;0.8146067415730337;0.7191011235955056;0.8146067415730337;0.793496955621116;0.03975103658685597;151
0.2484311580657959;0.0043157325023292364;0.011355161666870117;0.00023500598973206222;10;sqrt;8;7;165;{'max_depth': 10, 'max_features': 'sqrt', 'min_samples_leaf': 8, 'min_samples_split': 7, 'n_estimators': 165};0.7932960893854749;0.8258426966292135;0.8089887640449438;0.7415730337078652;0.8202247191011236;0.7979850605737242;0.030318426786416827;108
0.21915078163146973;0.00333703420843575;0.010782432556152344;0.001763912309666225;3;log2;8;5;148;{'max_depth': 3, 'max_features': 'log2', 'min_samples_leaf': 8, 'min_samples_split': 5, 'n_estimators': 148};0.8044692737430168;0.8258426966292135;0.8146067415730337;0.7247191011235955;0.8033707865168539;0.7946017199171427;0.035872120300750966;146
0.23759403228759765;0.015674256124983042;0.010518455505371093;0.0006355082820927891;13;sqrt;9;4;143;{'max_depth': 13, 'max_features': 'sqrt', 'min_samples_leaf': 9, 'min_samples_split': 4, 'n_estimators': 143};0.8044692737430168;0.8370786516853933;0.8202247191011236;0.7359550561797753;0.8202247191011236;0.8035904839620865;0.0353558377006151;71
0.15398473739624025;0.00607368520687145;0.008314943313598633;0.0014682687406464973;12;sqrt;14;3;97;{'max_depth': 12, 'max_features': 'sqrt', 'min_samples_leaf': 14, 'min_samples_split': 3, 'n_estimators': 97};0.7932960893854749;0.8426966292134831;0.8202247191011236;0.7415730337078652;0.8033707865168539;0.80023225158496;0.03376917740867086;92
0.133682918548584;0.003996788221613925;0.0076141834259033205;0.002063729854365605;4;sqrt;17;18;89;{'max_depth': 4, 'max_features': 'sqrt', 'min_samples_leaf': 17, 'min_samples_split': 18, 'n_estimators': 89};0.8044692737430168;0.8370786516853933;0.8146067415730337;0.7191011235955056;0.8033707865168539;0.7957253154227606;0.04018154671501722;134
0.22128639221191407;0.007923743744091489;0.010627651214599609;0.00041858007526034146;6;log2;5;11;142;{'max_depth': 6, 'max_features': 'log2', 'min_samples_leaf': 5, 'min_samples_split': 11, 'n_estimators': 142};0.7932960893854749;0.8370786516853933;0.8202247191011236;0.7640449438202247;0.8314606741573034;0.8092210156299039;0.027152209958461074;53
0.11850824356079101;0.0026466701455797608;0.005387115478515625;0.00055201663589864;8;;18;4;61;{'max_depth': 8, 'max_features': None, 'min_samples_leaf': 18, 'min_samples_split': 4, 'n_estimators': 61};0.7430167597765364;0.8202247191011236;0.8146067415730337;0.7752808988764045;0.8202247191011236;0.7946707676856443;0.03081413787936226;139
0.3200081348419189;0.01545471115701099;0.014912033081054687;0.0017579232786230792;9;sqrt;15;4;196;{'max_depth': 9, 'max_features': 'sqrt', 'min_samples_leaf': 15, 'min_samples_split': 4, 'n_estimators': 196};0.7877094972067039;0.8258426966292135;0.8033707865168539;0.7191011235955056;0.8146067415730337;0.7901261691042621;0.03768497326475554;173
0.09706087112426758;0.007055609151313973;0.004998350143432617;0.0007834597990451283;18;;9;20;47;{'max_depth': 18, 'max_features': None, 'min_samples_leaf': 9, 'min_samples_split': 20, 'n_estimators': 47};0.7597765363128491;0.8370786516853933;0.8146067415730337;0.8033707865168539;0.8370786516853933;0.8103822735547046;0.02847223536326215;46
0.10512876510620117;0.003416845530115992;0.005976819992065429;0.0015710931575363696;12;;4;6;48;{'max_depth': 12, 'max_features': None, 'min_samples_leaf': 4, 'min_samples_split': 6, 'n_estimators': 48};0.7932960893854749;0.8539325842696629;0.8202247191011236;0.8033707865168539;0.8539325842696629;0.8249513527085556;0.025179122955591385;5
0.3019842624664307;0.030655628954362524;0.01244807243347168;0.0006319063759746345;10;sqrt;20;17;188;{'max_depth': 10, 'max_features': 'sqrt', 'min_samples_leaf': 20, 'min_samples_split': 17, 'n_estimators': 188};0.7877094972067039;0.8314606741573034;0.8146067415730337;0.7134831460674157;0.8089887640449438;0.7912497646098802;0.04132146699540251;163
0.23098993301391602;0.0035785459928849048;0.010465764999389648;0.0006102706736370076;13;log2;13;16;157;{'max_depth': 13, 'max_features': 'log2', 'min_samples_leaf': 13, 'min_samples_split': 16, 'n_estimators': 157};0.7932960893854749;0.8314606741573034;0.8033707865168539;0.7415730337078652;0.8146067415730337;0.7968614650681063;0.030410175664049768;121
0.22294301986694337;0.009557608010607023;0.010326480865478516;0.0009606423875311425;18;log2;3;10;135;{'max_depth': 18, 'max_features': 'log2', 'min_samples_leaf': 3, 'min_samples_split': 10, 'n_estimators': 135};0.7932960893854749;0.8426966292134831;0.8370786516853933;0.7808988764044944;0.848314606741573;0.8204569706860838;0.027747024609767093;13
0.17577910423278809;0.0136282923301621;0.007818317413330078;0.0020672267188213238;8;;17;20;90;{'max_depth': 8, 'max_features': None, 'min_samples_leaf': 17, 'min_samples_split': 20, 'n_estimators': 90};0.7486033519553073;0.8033707865168539;0.797752808988764;0.7752808988764045;0.8089887640449438;0.7867993220764546;0.022264634964991162;189
0.2946822166442871;0.01125521021812841;0.013341617584228516;0.002416889725734051;19;log2;12;7;188;{'max_depth': 19, 'max_features': 'log2', 'min_samples_leaf': 12, 'min_samples_split': 7, 'n_estimators': 188};0.7932960893854749;0.8314606741573034;0.8202247191011236;0.7359550561797753;0.8089887640449438;0.7979850605737242;0.03348435008242664;108
0.04430446624755859;0.0012996459533842252;0.003321266174316406;0.0002630990924250872;7;log2;16;5;27;{'max_depth': 7, 'max_features': 'log2', 'min_samples_leaf': 16, 'min_samples_split': 5, 'n_estimators': 27};0.8100558659217877;0.8314606741573034;0.8146067415730337;0.7134831460674157;0.8089887640449438;0.7957190383528967;0.04190126987951163;136
0.25347371101379396;0.015578352008278899;0.011190462112426757;0.0006701918591415419;9;log2;10;3;156;{'max_depth': 9, 'max_features': 'log2', 'min_samples_leaf': 10, 'min_samples_split': 3, 'n_estimators': 156};0.7988826815642458;0.8258426966292135;0.8146067415730337;0.7415730337078652;0.8202247191011236;0.8002259745150964;0.030675542698873556;93
0.28653178215026853;0.010967251823881035;0.012980461120605469;0.0018745563344596079;4;sqrt;7;15;184;{'max_depth': 4, 'max_features': 'sqrt', 'min_samples_leaf': 7, 'min_samples_split': 15, 'n_estimators': 184};0.8268156424581006;0.848314606741573;0.8202247191011236;0.7303370786516854;0.8146067415730337;0.8080597577051032;0.04050654319141758;60
0.042850923538208005;0.0031860497997473125;0.003521108627319336;0.000465621305999988;14;log2;4;19;25;{'max_depth': 14, 'max_features': 'log2', 'min_samples_leaf': 4, 'min_samples_split': 19, 'n_estimators': 25};0.776536312849162;0.848314606741573;0.8314606741573034;0.7752808988764045;0.8258426966292135;0.8114870378507313;0.029979121382204335;42
0.12425374984741211;0.0032491447744862857;0.007228994369506836;0.0013407388409023971;2;sqrt;11;12;86;{'max_depth': 2, 'max_features': 'sqrt', 'min_samples_leaf': 11, 'min_samples_split': 12, 'n_estimators': 86};0.7988826815642458;0.8202247191011236;0.8033707865168539;0.7191011235955056;0.797752808988764;0.7878664239532986;0.035313480704947914;188
0.12195496559143067;0.012366901069760159;0.006002616882324219;0.0007212696670387262;3;sqrt;19;8;73;{'max_depth': 3, 'max_features': 'sqrt', 'min_samples_leaf': 19, 'min_samples_split': 8, 'n_estimators': 73};0.7877094972067039;0.8314606741573034;0.8089887640449438;0.7134831460674157;0.797752808988764;0.7878789780930261;0.03994308044677105;185
0.3123422622680664;0.022352537363567695;0.014738035202026368;0.002734307581392919;10;log2;15;10;192;{'max_depth': 10, 'max_features': 'log2', 'min_samples_leaf': 15, 'min_samples_split': 10, 'n_estimators': 192};0.7877094972067039;0.8314606741573034;0.8258426966292135;0.7134831460674157;0.8033707865168539;0.7923733601154981;0.04246027668988641;156
0.04950037002563477;0.005348390241109818;0.004000043869018555;0.0020004034177334294;3;;7;19;26;{'max_depth': 3, 'max_features': None, 'min_samples_leaf': 7, 'min_samples_split': 19, 'n_estimators': 26};0.770949720670391;0.8314606741573034;0.8258426966292135;0.8033707865168539;0.8202247191011236;0.810369719414977;0.02183705006343431;47
0.19305868148803712;0.015184464932946808;0.007447481155395508;0.0003298884422778461;11;;13;2;94;{'max_depth': 11, 'max_features': None, 'min_samples_leaf': 13, 'min_samples_split': 2, 'n_estimators': 94};0.7653631284916201;0.8314606741573034;0.8033707865168539;0.7640449438202247;0.8314606741573034;0.7991400414286611;0.029932228542702794;95
0.286954402923584;0.022462015423831725;0.010116147994995116;0.0004896318812534491;3;;16;7;160;{'max_depth': 3, 'max_features': None, 'min_samples_leaf': 16, 'min_samples_split': 7, 'n_estimators': 160};0.7374301675977654;0.8202247191011236;0.8258426966292135;0.7752808988764045;0.8146067415730337;0.794677044755508;0.03368854332172367;138
0.05879178047180176;0.0018669989352744418;0.00391077995300293;0.00037234833340407875;8;sqrt;11;11;36;{'max_depth': 8, 'max_features': 'sqrt', 'min_samples_leaf': 11, 'min_samples_split': 11, 'n_estimators': 36};0.7877094972067039;0.8314606741573034;0.8202247191011236;0.7303370786516854;0.8202247191011236;0.7979913376435881;0.03685555044020881;107
0.2903602600097656;0.017383725238085145;0.01322031021118164;0.001164870548288075;10;log2;19;3;192;{'max_depth': 10, 'max_features': 'log2', 'min_samples_leaf': 19, 'min_samples_split': 3, 'n_estimators': 192};0.7821229050279329;0.8370786516853933;0.8146067415730337;0.7134831460674157;0.797752808988764;0.7890088506685079;0.04193796108187839;179
0.2874934673309326;0.0059395625770550875;0.013254308700561523;0.0010081644636632267;9;sqrt;18;5;190;{'max_depth': 9, 'max_features': 'sqrt', 'min_samples_leaf': 18, 'min_samples_split': 5, 'n_estimators': 190};0.8100558659217877;0.8314606741573034;0.8146067415730337;0.7191011235955056;0.8033707865168539;0.7957190383528968;0.03941727692112281;135
0.08395271301269532;0.003820856124618792;0.005510807037353516;0.0005516600573328175;13;sqrt;20;3;52;{'max_depth': 13, 'max_features': 'sqrt', 'min_samples_leaf': 20, 'min_samples_split': 3, 'n_estimators': 52};0.7653631284916201;0.8426966292134831;0.8033707865168539;0.7191011235955056;0.8033707865168539;0.7867804908668633;0.04175234247912403;190
0.013323116302490234;0.004372117455151355;0.0023052215576171873;0.00040093520261390303;5;;20;15;5;{'max_depth': 5, 'max_features': None, 'min_samples_leaf': 20, 'min_samples_split': 15, 'n_estimators': 5};0.7262569832402235;0.8202247191011236;0.8146067415730337;0.7752808988764045;0.8202247191011236;0.7913188123783818;0.03661608065700815;158
0.3673840045928955;0.02452971778869915;0.01302027702331543;0.001266614062272219;15;;9;3;180;{'max_depth': 15, 'max_features': None, 'min_samples_leaf': 9, 'min_samples_split': 3, 'n_estimators': 180};0.7932960893854749;0.8314606741573034;0.8089887640449438;0.8146067415730337;0.8370786516853933;0.8170861841692298;0.01577345350821529;26
0.2138425350189209;0.009460418056765502;0.008015680313110351;0.0007745151983356132;7;;3;3;102;{'max_depth': 7, 'max_features': None, 'min_samples_leaf': 3, 'min_samples_split': 3, 'n_estimators': 102};0.7932960893854749;0.8426966292134831;0.8089887640449438;0.8202247191011236;0.8426966292134831;0.8215805661917017;0.019246712269464592;10
0.15805387496948242;0.005463519836966658;0.006112384796142578;0.0003755448006661151;12;;8;19;79;{'max_depth': 12, 'max_features': None, 'min_samples_leaf': 8, 'min_samples_split': 19, 'n_estimators': 79};0.7821229050279329;0.8426966292134831;0.8033707865168539;0.797752808988764;0.8370786516853933;0.8126043562864854;0.023407187630471726;38
0.15786619186401368;0.004419388368290225;0.00621337890625;0.0006063951733168907;15;;6;14;78;{'max_depth': 15, 'max_features': None, 'min_samples_leaf': 6, 'min_samples_split': 14, 'n_estimators': 78};0.7877094972067039;0.8370786516853933;0.8202247191011236;0.797752808988764;0.848314606741573;0.8182160567447114;0.022869847432106606;22
0.013259124755859376;0.0006002064190325278;0.002453136444091797;0.0005090637749586779;11;;18;19;6;{'max_depth': 11, 'max_features': None, 'min_samples_leaf': 18, 'min_samples_split': 19, 'n_estimators': 6};0.7206703910614525;0.8258426966292135;0.8089887640449438;0.7696629213483146;0.8202247191011236;0.7890778984370095;0.03943284365486372;176
0.21464905738830567;0.00993146469178135;0.00871415138244629;0.0008136488657254971;13;;14;10;110;{'max_depth': 13, 'max_features': None, 'min_samples_leaf': 14, 'min_samples_split': 10, 'n_estimators': 110};0.7374301675977654;0.8258426966292135;0.8033707865168539;0.7696629213483146;0.8314606741573034;0.7935534492498901;0.03548665488415992;149
0.3112936973571777;0.022409532764582202;0.016225147247314452;0.00388569785416073;19;sqrt;2;7;183;{'max_depth': 19, 'max_features': 'sqrt', 'min_samples_leaf': 2, 'min_samples_split': 7, 'n_estimators': 183};0.8100558659217877;0.848314606741573;0.8146067415730337;0.797752808988764;0.8314606741573034;0.8204381394764922;0.01763527557471918;17
0.18133788108825682;0.019091201734997364;0.008103513717651367;0.0005828349707059065;14;log2;10;19;105;{'max_depth': 14, 'max_features': 'log2', 'min_samples_leaf': 10, 'min_samples_split': 19, 'n_estimators': 105};0.7877094972067039;0.8258426966292135;0.8202247191011236;0.7528089887640449;0.8202247191011236;0.8013621241604418;0.027765786802286127;81
0.27547826766967776;0.03072562703297959;0.009113836288452148;0.0004922601884099911;6;;18;18;133;{'max_depth': 6, 'max_features': None, 'min_samples_leaf': 18, 'min_samples_split': 18, 'n_estimators': 133};0.7374301675977654;0.8202247191011236;0.8202247191011236;0.7752808988764045;0.8089887640449438;0.7924298537442722;0.032057319663475;153
0.19728288650512696;0.017024205180820963;0.008916807174682618;0.0004901159405202316;9;log2;15;9;126;{'max_depth': 9, 'max_features': 'log2', 'min_samples_leaf': 15, 'min_samples_split': 9, 'n_estimators': 126};0.7821229050279329;0.8370786516853933;0.8089887640449438;0.7134831460674157;0.8033707865168539;0.7890088506685079;0.041635840840557645;179
0.3079204082489014;0.007435903844753363;0.015929269790649413;0.00504571733183738;2;sqrt;3;3;200;{'max_depth': 2, 'max_features': 'sqrt', 'min_samples_leaf': 3, 'min_samples_split': 3, 'n_estimators': 200};0.7988826815642458;0.8202247191011236;0.8089887640449438;0.7191011235955056;0.8033707865168539;0.7901136149645345;0.03621704820154838;175
0.29674382209777833;0.027027039548100245;0.020025348663330077;0.010500550652237784;2;sqrt;7;3;182;{'max_depth': 2, 'max_features': 'sqrt', 'min_samples_leaf': 7, 'min_samples_split': 3, 'n_estimators': 182};0.7932960893854749;0.8202247191011236;0.8033707865168539;0.7191011235955056;0.8033707865168539;0.7878727010231624;0.03545695244905555;187
0.17993059158325195;0.002879543229998254;0.008311605453491211;0.0007492542524792357;2;log2;3;8;129;{'max_depth': 2, 'max_features': 'log2', 'min_samples_leaf': 3, 'min_samples_split': 8, 'n_estimators': 129};0.7877094972067039;0.8202247191011236;0.8033707865168539;0.7191011235955056;0.797752808988764;0.7856317870817902;0.03489672844840663;195
0.2706779479980469;0.014089763410773603;0.011001062393188477;0.00044809216137176944;12;log2;3;14;158;{'max_depth': 12, 'max_features': 'log2', 'min_samples_leaf': 3, 'min_samples_split': 14, 'n_estimators': 158};0.7877094972067039;0.8370786516853933;0.8146067415730337;0.7752808988764045;0.8370786516853933;0.8103508882053857;0.025256269348672308;48
0.019631147384643555;0.0004895976926414374;0.002485847473144531;0.00046795311906703115;19;log2;7;18;11;{'max_depth': 19, 'max_features': 'log2', 'min_samples_leaf': 7, 'min_samples_split': 18, 'n_estimators': 11};0.7877094972067039;0.8202247191011236;0.8202247191011236;0.7640449438202247;0.7921348314606742;0.7968677421379701;0.02132935408690231;119
0.3408332824707031;0.0314794127781798;0.011332988739013672;0.000963140156940684;18;;7;15;161;{'max_depth': 18, 'max_features': None, 'min_samples_leaf': 7, 'min_samples_split': 15, 'n_estimators': 161};0.7877094972067039;0.8370786516853933;0.8033707865168539;0.797752808988764;0.848314606741573;0.8148452702278576;0.02355710475760633;32
0.12990727424621581;0.012089557596082406;0.005083227157592773;0.0005950931860848977;19;;8;9;57;{'max_depth': 19, 'max_features': None, 'min_samples_leaf': 8, 'min_samples_split': 9, 'n_estimators': 57};0.7821229050279329;0.8370786516853933;0.8089887640449438;0.797752808988764;0.8202247191011236;0.8092335697696316;0.018777698960254784;52
0.032855892181396486;0.012756503529821201;0.0030803680419921875;0.0004327336224466798;6;log2;2;19;14;{'max_depth': 6, 'max_features': 'log2', 'min_samples_leaf': 2, 'min_samples_split': 19, 'n_estimators': 14};0.7932960893854749;0.8314606741573034;0.7808988764044944;0.7471910112359551;0.8202247191011236;0.7946142740568704;0.029840803259624942;142
0.12679433822631836;0.016327198498155258;0.006194114685058594;0.00041069586100961304;2;log2;13;3;76;{'max_depth': 2, 'max_features': 'log2', 'min_samples_leaf': 13, 'min_samples_split': 3, 'n_estimators': 76};0.7653631284916201;0.8202247191011236;0.8089887640449438;0.7191011235955056;0.7921348314606742;0.7811625133387736;0.03611588174408945;198
0.16819396018981933;0.003386136025361288;0.00827789306640625;0.0005118562049029735;7;log2;3;12;109;{'max_depth': 7, 'max_features': 'log2', 'min_samples_leaf': 3, 'min_samples_split': 12, 'n_estimators': 109};0.7877094972067039;0.848314606741573;0.8089887640449438;0.8033707865168539;0.8314606741573034;0.8159688657334756;0.021411531559726922;31
0.23169589042663574;0.04672167488783131;0.010376310348510743;0.0017373822236311908;11;log2;4;8;130;{'max_depth': 11, 'max_features': 'log2', 'min_samples_leaf': 4, 'min_samples_split': 8, 'n_estimators': 130};0.8044692737430168;0.848314606741573;0.8089887640449438;0.7921348314606742;0.8370786516853933;0.8181972255351203;0.021052627923929628;23
0.32033395767211914;0.04139901495177379;0.012679004669189453;0.0006985119905833886;5;sqrt;9;20;187;{'max_depth': 5, 'max_features': 'sqrt', 'min_samples_leaf': 9, 'min_samples_split': 20, 'n_estimators': 187};0.7932960893854749;0.848314606741573;0.8202247191011236;0.7359550561797753;0.8089887640449438;0.8013558470905782;0.03731392235122438;82
0.25359315872192384;0.017002082657632565;0.009360885620117188;0.0008654980033501777;9;;13;7;121;{'max_depth': 9, 'max_features': None, 'min_samples_leaf': 13, 'min_samples_split': 7, 'n_estimators': 121};0.7597765363128491;0.8258426966292135;0.8089887640449438;0.7640449438202247;0.8314606741573034;0.7980227229929069;0.03042880819429411;104
0.257966423034668;0.011413001645796134;0.011320734024047851;0.0011736492137112626;3;log2;9;6;169;{'max_depth': 3, 'max_features': 'log2', 'min_samples_leaf': 9, 'min_samples_split': 6, 'n_estimators': 169};0.8044692737430168;0.8258426966292135;0.8146067415730337;0.7247191011235955;0.8033707865168539;0.7946017199171427;0.035872120300750966;146
0.08841824531555176;0.004149987287943261;0.004037046432495117;0.00027519476653846794;11;;17;8;45;{'max_depth': 11, 'max_features': None, 'min_samples_leaf': 17, 'min_samples_split': 8, 'n_estimators': 45};0.7653631284916201;0.8202247191011236;0.8146067415730337;0.7752808988764045;0.8146067415730337;0.7980164459230431;0.022920852758340524;105
0.09896955490112305;0.005250289523108823;0.004666280746459961;0.00044612980846971345;8;;18;5;51;{'max_depth': 8, 'max_features': None, 'min_samples_leaf': 18, 'min_samples_split': 5, 'n_estimators': 51};0.7430167597765364;0.8089887640449438;0.8146067415730337;0.7808988764044944;0.8089887640449438;0.7912999811687904;0.026864264769955935;159
0.11991705894470214;0.0037862312784271504;0.0064141273498535155;0.0004890511820229262;20;sqrt;16;14;80;{'max_depth': 20, 'max_features': 'sqrt', 'min_samples_leaf': 16, 'min_samples_split': 14, 'n_estimators': 80};0.7821229050279329;0.8314606741573034;0.8089887640449438;0.7415730337078652;0.8202247191011236;0.7968740192078337;0.03213737168899986;117
0.08447914123535157;0.013631581213383537;0.004471969604492187;0.0006625544024499152;2;log2;20;6;52;{'max_depth': 2, 'max_features': 'log2', 'min_samples_leaf': 20, 'min_samples_split': 6, 'n_estimators': 52};0.7821229050279329;0.8202247191011236;0.8033707865168539;0.7191011235955056;0.797752808988764;0.784514468646036;0.0349017525447634;197
0.03297271728515625;0.0014111598214340579;0.0028312206268310547;0.0006671440591965774;7;log2;16;11;20;{'max_depth': 7, 'max_features': 'log2', 'min_samples_leaf': 16, 'min_samples_split': 11, 'n_estimators': 20};0.7877094972067039;0.8314606741573034;0.8089887640449438;0.7696629213483146;0.8202247191011236;0.8036093151716777;0.022297399759591212;70
0.18830265998840331;0.0112865826401389;0.007158088684082031;0.001202718390986709;17;;15;17;87;{'max_depth': 17, 'max_features': None, 'min_samples_leaf': 15, 'min_samples_split': 17, 'n_estimators': 87};0.7541899441340782;0.8202247191011236;0.8146067415730337;0.7640449438202247;0.8202247191011236;0.7946582135459168;0.029257782880951978;140
0.007977485656738281;0.0006025067039346752;0.0019310951232910157;0.00013716265406304981;20;;19;2;3;{'max_depth': 20, 'max_features': None, 'min_samples_leaf': 19, 'min_samples_split': 2, 'n_estimators': 3};0.7486033519553073;0.8146067415730337;0.8370786516853933;0.8089887640449438;0.8146067415730337;0.8047768501663424;0.029698020241412625;65
0.014224624633789063;0.0005130764631532719;0.002801656723022461;0.0009771850769533892;9;;12;10;6;{'max_depth': 9, 'max_features': None, 'min_samples_leaf': 12, 'min_samples_split': 10, 'n_estimators': 6};0.776536312849162;0.8370786516853933;0.8033707865168539;0.7696629213483146;0.8202247191011236;0.8013746783001696;0.025521215209916782;80
0.19157495498657226;0.0027704114823383645;0.009184932708740235;0.0003446527257973497;6;sqrt;16;20;129;{'max_depth': 6, 'max_features': 'sqrt', 'min_samples_leaf': 16, 'min_samples_split': 20, 'n_estimators': 129};0.7988826815642458;0.8258426966292135;0.8033707865168539;0.7191011235955056;0.8089887640449438;0.7912372104701525;0.03720738972876747;169
0.08738842010498046;0.004393979845537174;0.004813098907470703;0.00039878423795120936;17;log2;3;18;51;{'max_depth': 17, 'max_features': 'log2', 'min_samples_leaf': 3, 'min_samples_split': 18, 'n_estimators': 51};0.7988826815642458;0.8370786516853933;0.8089887640449438;0.7696629213483146;0.8314606741573034;0.80921473856004;0.02425872220975531;54
0.2238769054412842;0.003036687829507192;0.010603857040405274;0.0002391540341959805;18;log2;17;3;150;{'max_depth': 18, 'max_features': 'log2', 'min_samples_leaf': 17, 'min_samples_split': 3, 'n_estimators': 150};0.7988826815642458;0.8370786516853933;0.8146067415730337;0.7247191011235955;0.8033707865168539;0.7957315924926245;0.03788643856266126;131
0.11722989082336426;0.01169762945083961;0.0067176342010498045;0.0011675454694919734;17;log2;16;18;72;{'max_depth': 17, 'max_features': 'log2', 'min_samples_leaf': 16, 'min_samples_split': 18, 'n_estimators': 72};0.770949720670391;0.8258426966292135;0.8033707865168539;0.7359550561797753;0.8089887640449438;0.7890214048082355;0.03194692738279634;178
0.30106706619262696;0.01803395810509049;0.01009197235107422;0.0004761721599302254;19;;10;19;144;{'max_depth': 19, 'max_features': None, 'min_samples_leaf': 10, 'min_samples_split': 19, 'n_estimators': 144};0.7653631284916201;0.8258426966292135;0.8089887640449438;0.7921348314606742;0.8314606741573034;0.804758018956751;0.0240283036797576;66
0.25679783821105956;0.01584054548965024;0.009543228149414062;0.0009197463782706034;17;;10;2;124;{'max_depth': 17, 'max_features': None, 'min_samples_leaf': 10, 'min_samples_split': 2, 'n_estimators': 124};0.7821229050279329;0.8314606741573034;0.8089887640449438;0.797752808988764;0.8370786516853933;0.8114807607808675;0.020547502815856596;43
0.1561872959136963;0.005903985147604747;0.007754802703857422;0.0010946109019878878;8;sqrt;18;19;102;{'max_depth': 8, 'max_features': 'sqrt', 'min_samples_leaf': 18, 'min_samples_split': 19, 'n_estimators': 102};0.7877094972067039;0.8314606741573034;0.8146067415730337;0.7191011235955056;0.8033707865168539;0.7912497646098802;0.03880037289785952;163
0.11139159202575684;0.0024755779292885394;0.006212997436523438;0.0006760570491361757;8;log2;19;19;70;{'max_depth': 8, 'max_features': 'log2', 'min_samples_leaf': 19, 'min_samples_split': 19, 'n_estimators': 70};0.7653631284916201;0.848314606741573;0.8146067415730337;0.7078651685393258;0.8089887640449438;0.7890276818780994;0.0484046221230242;177
0.08092207908630371;0.005651551173536464;0.0037635326385498046;0.0002107667490917115;19;;2;16;36;{'max_depth': 19, 'max_features': None, 'min_samples_leaf': 2, 'min_samples_split': 16, 'n_estimators': 36};0.7988826815642458;0.8539325842696629;0.8202247191011236;0.8033707865168539;0.848314606741573;0.8249450756386919;0.022598189053308185;6
0.2901164531707764;0.010220800693839236;0.012330722808837891;0.0004927851089154028;12;sqrt;17;8;191;{'max_depth': 12, 'max_features': 'sqrt', 'min_samples_leaf': 17, 'min_samples_split': 8, 'n_estimators': 191};0.7653631284916201;0.8258426966292135;0.8146067415730337;0.7191011235955056;0.8089887640449438;0.7867804908668633;0.03957919582381352;190
0.13355412483215331;0.00872112132118244;0.005473899841308594;0.0003450664111115183;6;;8;5;66;{'max_depth': 6, 'max_features': None, 'min_samples_leaf': 8, 'min_samples_split': 5, 'n_estimators': 66};0.770949720670391;0.8426966292134831;0.8089887640449438;0.7865168539325843;0.848314606741573;0.8114933149205952;0.030342490891572805;40
0.2901658535003662;0.010727719321305774;0.012003326416015625;0.002041923582735813;17;;12;5;141;{'max_depth': 17, 'max_features': None, 'min_samples_leaf': 12, 'min_samples_split': 5, 'n_estimators': 141};0.7653631284916201;0.8370786516853933;0.8089887640449438;0.797752808988764;0.8314606741573034;0.8081288054736049;0.025767319035882884;56
0.2749646663665771;0.027283872383399004;0.011482667922973634;0.0020604391467196406;20;log2;7;20;159;{'max_depth': 20, 'max_features': 'log2', 'min_samples_leaf': 7, 'min_samples_split': 20, 'n_estimators': 159};0.8044692737430168;0.8314606741573034;0.8146067415730337;0.7584269662921348;0.8314606741573034;0.8080848659845584;0.026886320632505276;59
0.2900221824645996;0.028034046371877685;0.012224102020263672;0.0006913296812683667;20;log2;19;14;173;{'max_depth': 20, 'max_features': 'log2', 'min_samples_leaf': 19, 'min_samples_split': 14, 'n_estimators': 173};0.7877094972067039;0.8370786516853933;0.8146067415730337;0.7078651685393258;0.8146067415730337;0.7923733601154981;0.04505684333623248;156
0.10205626487731934;0.00400983368197228;0.004939413070678711;0.00034477603805483834;17;;19;19;53;{'max_depth': 17, 'max_features': None, 'min_samples_leaf': 19, 'min_samples_split': 19, 'n_estimators': 53};0.7374301675977654;0.8146067415730337;0.8314606741573034;0.7696629213483146;0.8089887640449438;0.7924298537442722;0.03415469365450614;153
0.03192481994628906;0.007895674794706275;0.002693653106689453;0.0005910146995743795;9;;14;6;13;{'max_depth': 9, 'max_features': None, 'min_samples_leaf': 14, 'min_samples_split': 6, 'n_estimators': 13};0.7486033519553073;0.8370786516853933;0.8033707865168539;0.7696629213483146;0.8314606741573034;0.7980352771326344;0.03440527785849654;103
0.11457967758178711;0.00567058136145901;0.00525813102722168;0.0010218500634158931;6;;2;5;55;{'max_depth': 6, 'max_features': None, 'min_samples_leaf': 2, 'min_samples_split': 5, 'n_estimators': 55};0.776536312849162;0.848314606741573;0.8146067415730337;0.8089887640449438;0.8426966292134831;0.8182286108844391;0.025847984409057938;20
0.09428753852844238;0.005499068840426305;0.00494074821472168;0.0011416708650024527;6;;12;16;48;{'max_depth': 6, 'max_features': None, 'min_samples_leaf': 12, 'min_samples_split': 16, 'n_estimators': 48};0.776536312849162;0.8202247191011236;0.8146067415730337;0.8089887640449438;0.8258426966292135;0.8092398468394955;0.01728993798052337;51
0.016802215576171876;0.0031073261205067553;0.0024509429931640625;0.00023114732272055903;8;log2;15;2;8;{'max_depth': 8, 'max_features': 'log2', 'min_samples_leaf': 15, 'min_samples_split': 2, 'n_estimators': 8};0.7988826815642458;0.8202247191011236;0.8146067415730337;0.7752808988764045;0.8202247191011236;0.8058439520431862;0.017163676227721216;64
0.07499890327453614;0.005965463827465551;0.003982257843017578;0.00035685272134750555;13;;5;18;33;{'max_depth': 13, 'max_features': None, 'min_samples_leaf': 5, 'min_samples_split': 18, 'n_estimators': 33};0.7877094972067039;0.8258426966292135;0.8089887640449438;0.797752808988764;0.8370786516853933;0.8114744837110038;0.01800698033049689;44
0.07810096740722657;0.0023746930706202538;0.004474925994873047;0.00038206154096404927;16;sqrt;16;18;50;{'max_depth': 16, 'max_features': 'sqrt', 'min_samples_leaf': 16, 'min_samples_split': 18, 'n_estimators': 50};0.7988826815642458;0.8258426966292135;0.8202247191011236;0.7134831460674157;0.8146067415730337;0.7946079969870065;0.04154825402730819;143
0.04302945137023926;0.004755962180866722;0.0036294937133789064;0.00035410289521115815;6;sqrt;20;16;25;{'max_depth': 6, 'max_features': 'sqrt', 'min_samples_leaf': 20, 'min_samples_split': 16, 'n_estimators': 25};0.7877094972067039;0.8258426966292135;0.8089887640449438;0.7191011235955056;0.8033707865168539;0.7890025735986442;0.03701613911531814;181
0.27219090461730955;0.01586344712910589;0.010116767883300782;0.000856475670049249;11;;14;4;135;{'max_depth': 11, 'max_features': None, 'min_samples_leaf': 14, 'min_samples_split': 4, 'n_estimators': 135};0.7486033519553073;0.8314606741573034;0.8089887640449438;0.7640449438202247;0.8258426966292135;0.7957880861213986;0.03341884878051395;124
0.3096182823181152;0.009336478681434977;0.010842418670654297;0.0008493790638934834;19;;15;11;159;{'max_depth': 19, 'max_features': None, 'min_samples_leaf': 15, 'min_samples_split': 11, 'n_estimators': 159};0.7430167597765364;0.8258426966292135;0.8089887640449438;0.7752808988764045;0.8314606741573034;0.7969179586968803;0.033313797743007564;114
0.20100488662719726;0.002306879273656649;0.011342096328735351;0.0024555654500924644;4;sqrt;10;5;129;{'max_depth': 4, 'max_features': 'sqrt', 'min_samples_leaf': 10, 'min_samples_split': 5, 'n_estimators': 129};0.8156424581005587;0.848314606741573;0.8202247191011236;0.7359550561797753;0.8258426966292135;0.8091959073504487;0.038300922236298815;55
0.23481807708740235;0.006249375782978219;0.00913844108581543;0.0006230536961385288;20;;20;17;129;{'max_depth': 20, 'max_features': None, 'min_samples_leaf': 20, 'min_samples_split': 17, 'n_estimators': 129};0.7541899441340782;0.8146067415730337;0.8202247191011236;0.7752808988764045;0.8146067415730337;0.7957818090515347;0.026292137858648836;125
0.050799226760864256;0.0011939974219620962;0.003199911117553711;0.00040013813925586413;10;;12;19;26;{'max_depth': 10, 'max_features': None, 'min_samples_leaf': 12, 'min_samples_split': 19, 'n_estimators': 26};0.7653631284916201;0.8426966292134831;0.8202247191011236;0.8146067415730337;0.8202247191011236;0.812623187496077;0.02552420861102738;35
0.17069859504699708;0.01247234182032842;0.007991838455200195;0.0004488733226658383;3;log2;2;12;113;{'max_depth': 3, 'max_features': 'log2', 'min_samples_leaf': 2, 'min_samples_split': 12, 'n_estimators': 113};0.8100558659217877;0.8258426966292135;0.8146067415730337;0.7415730337078652;0.8033707865168539;0.7990898248697509;0.02967575712898919;101
0.1591010570526123;0.014198001434022174;0.006807184219360352;0.0005125184016462678;16;;12;17;79;{'max_depth': 16, 'max_features': None, 'min_samples_leaf': 12, 'min_samples_split': 17, 'n_estimators': 79};0.7877094972067039;0.8314606741573034;0.8033707865168539;0.7752808988764045;0.8370786516853933;0.8069801016885318;0.024060107864846653;61
0.2482780933380127;0.004082139897202691;0.011236190795898438;0.0006275443858411984;20;log2;14;9;165;{'max_depth': 20, 'max_features': 'log2', 'min_samples_leaf': 14, 'min_samples_split': 9, 'n_estimators': 165};0.7877094972067039;0.8370786516853933;0.8089887640449438;0.7191011235955056;0.8033707865168539;0.7912497646098802;0.03944575530298221;163
0.18032269477844237;0.007712511265469107;0.013906192779541016;0.010334769948911356;16;sqrt;13;11;117;{'max_depth': 16, 'max_features': 'sqrt', 'min_samples_leaf': 13, 'min_samples_split': 11, 'n_estimators': 117};0.7821229050279329;0.848314606741573;0.8089887640449438;0.7359550561797753;0.8089887640449438;0.7968740192078337;0.037063144919758984;117
0.22467613220214844;0.012396565266369586;0.009717178344726563;0.0009805037666322835;2;sqrt;14;11;149;{'max_depth': 2, 'max_features': 'sqrt', 'min_samples_leaf': 14, 'min_samples_split': 11, 'n_estimators': 149};0.7821229050279329;0.8202247191011236;0.8089887640449438;0.7191011235955056;0.797752808988764;0.7856380641516539;0.03557465314182541;194
0.10196809768676758;0.0012884248493762877;0.004912042617797851;0.0004909561925058326;9;;2;20;49;{'max_depth': 9, 'max_features': None, 'min_samples_leaf': 2, 'min_samples_split': 20, 'n_estimators': 49};0.7877094972067039;0.8426966292134831;0.8202247191011236;0.797752808988764;0.8370786516853933;0.8170924612390935;0.021457926227961305;25
0.11012005805969238;0.005280194111213267;0.0059473514556884766;0.0005094196222358233;10;sqrt;16;17;70;{'max_depth': 10, 'max_features': 'sqrt', 'min_samples_leaf': 16, 'min_samples_split': 17, 'n_estimators': 70};0.7877094972067039;0.8370786516853933;0.8089887640449438;0.7134831460674157;0.8089887640449438;0.7912497646098802;0.04192806111737026;163
0.3464252471923828;0.012990368430725803;0.012324333190917969;0.0006855665113607393;13;;13;10;182;{'max_depth': 13, 'max_features': None, 'min_samples_leaf': 13, 'min_samples_split': 10, 'n_estimators': 182};0.7430167597765364;0.8146067415730337;0.8089887640449438;0.7584269662921348;0.8314606741573034;0.7912999811687904;0.03429543397186376;159
0.19939303398132324;0.010692541809866231;0.009315204620361329;0.0007476785566095896;3;log2;11;8;134;{'max_depth': 3, 'max_features': 'log2', 'min_samples_leaf': 11, 'min_samples_split': 8, 'n_estimators': 134};0.8044692737430168;0.8258426966292135;0.8146067415730337;0.7191011235955056;0.8089887640449438;0.7946017199171427;0.038421075517328866;146
0.17500147819519044;0.0045585417512563125;0.008114910125732422;0.0004907567307236167;3;sqrt;10;20;118;{'max_depth': 3, 'max_features': 'sqrt', 'min_samples_leaf': 10, 'min_samples_split': 20, 'n_estimators': 118};0.8100558659217877;0.8314606741573034;0.8146067415730337;0.7247191011235955;0.8089887640449438;0.7979662293641328;0.03750088494142216;111
0.2715746402740479;0.006615467640535584;0.011516904830932618;1.628243549248111e-06;10;log2;13;9;179;{'max_depth': 10, 'max_features': 'log2', 'min_samples_leaf': 13, 'min_samples_split': 9, 'n_estimators': 179};0.7988826815642458;0.8370786516853933;0.8146067415730337;0.7303370786516854;0.8089887640449438;0.7979787835038603;0.03606307147177232;110
0.15050182342529297;0.004900123087155952;0.007503032684326172;0.0005595753026893931;7;sqrt;10;13;96;{'max_depth': 7, 'max_features': 'sqrt', 'min_samples_leaf': 10, 'min_samples_split': 13, 'n_estimators': 96};0.7932960893854749;0.8202247191011236;0.8146067415730337;0.7359550561797753;0.8202247191011236;0.7968614650681062;0.03202774005043063;122
0.17375006675720214;0.009679827951504362;0.018777179718017577;0.010853587781867782;5;sqrt;11;5;113;{'max_depth': 5, 'max_features': 'sqrt', 'min_samples_leaf': 11, 'min_samples_split': 5, 'n_estimators': 113};0.8100558659217877;0.8426966292134831;0.8146067415730337;0.7471910112359551;0.8033707865168539;0.8035842068922227;0.03121985997983963;73
0.32825183868408203;0.025065320127900616;0.021947574615478516;0.020660661256915906;18;;6;3;136;{'max_depth': 18, 'max_features': None, 'min_samples_leaf': 6, 'min_samples_split': 3, 'n_estimators': 136};0.7932960893854749;0.848314606741573;0.8089887640449438;0.8089887640449438;0.8426966292134831;0.8204569706860838;0.021313860739757856;13
0.18293676376342774;0.02608344147311559;0.007010602951049804;0.00089909039756922;5;;7;12;84;{'max_depth': 5, 'max_features': None, 'min_samples_leaf': 7, 'min_samples_split': 12, 'n_estimators': 84};0.7821229050279329;0.8314606741573034;0.8314606741573034;0.8033707865168539;0.8370786516853933;0.8170987383089574;0.021087877632717012;24
0.18920040130615234;0.023003919493423442;0.012744569778442382;0.01090701009780743;6;sqrt;17;15;106;{'max_depth': 6, 'max_features': 'sqrt', 'min_samples_leaf': 17, 'min_samples_split': 15, 'n_estimators': 106};0.8044692737430168;0.8258426966292135;0.8146067415730337;0.7134831460674157;0.797752808988764;0.7912309334002887;0.040017270054123436;172
0.38502917289733884;0.03369313821462176;0.012043523788452148;0.001296658536613127;8;;10;9;182;{'max_depth': 8, 'max_features': None, 'min_samples_leaf': 10, 'min_samples_split': 9, 'n_estimators': 182};0.7821229050279329;0.8426966292134831;0.8089887640449438;0.7921348314606742;0.8370786516853933;0.8126043562864856;0.023940463027539927;37
0.016929483413696288;0.006832815372272714;0.0022630214691162108;0.0004384907860167419;18;log2;9;8;7;{'max_depth': 18, 'max_features': 'log2', 'min_samples_leaf': 9, 'min_samples_split': 8, 'n_estimators': 7};0.7988826815642458;0.8146067415730337;0.8258426966292135;0.7584269662921348;0.8146067415730337;0.8024731655263324;0.02363701149211264;75
0.39102783203125;0.025386986377468737;0.012119579315185546;0.004403289670491028;19;;3;19;196;{'max_depth': 19, 'max_features': None, 'min_samples_leaf': 3, 'min_samples_split': 19, 'n_estimators': 196};0.7877094972067039;0.8426966292134831;0.8089887640449438;0.7921348314606742;0.8370786516853933;0.8137216747222398;0.022583719734380857;33
0.1542215347290039;0.009021523121739419;0.008007192611694336;0.0022635917626802147;6;sqrt;4;14;92;{'max_depth': 6, 'max_features': 'sqrt', 'min_samples_leaf': 4, 'min_samples_split': 14, 'n_estimators': 92};0.7877094972067039;0.8370786516853933;0.8202247191011236;0.7640449438202247;0.8314606741573034;0.8081036971941498;0.027889469965162672;58
0.28194680213928225;0.004243571833759485;0.017436933517456055;0.012877604521862483;19;log2;10;12;174;{'max_depth': 19, 'max_features': 'log2', 'min_samples_leaf': 10, 'min_samples_split': 12, 'n_estimators': 174};0.7988826815642458;0.8370786516853933;0.8146067415730337;0.7415730337078652;0.8202247191011236;0.8024731655263324;0.03280731206573743;75
